{"stats":{"minecraft:mined":{"minecraft:dead_bush":1},"minecraft:custom":{"minecraft:jump":100,"minecraft:time_since_rest":5401,"minecraft:crouch_one_cm":299,"minecraft:damage_taken":60,"minecraft:sprint_one_cm":17758,"minecraft:play_time":5401,"minecraft:walk_on_water_one_cm":6319,"minecraft:time_since_death":5401,"minecraft:walk_one_cm":5803,"minecraft:sneak_time":115,"minecraft:climb_one_cm":1403,"minecraft:total_world_time":5401,"minecraft:walk_under_water_one_cm":490,"minecraft:swim_one_cm":18142,"minecraft:fall_one_cm":2215,"minecraft:fly_one_cm":16039},"minecraft:picked_up":{"minecraft:stick":2}},"DataVersion":3953}